escenario, días_susto, probabilidad_permiso, personalidad_jekyll, stock_vendedores, rapidez_vendedores, limite_paciencia, base_mesada, concha_estéreo, dinero_funcionarios, distribución_almuerzo, moda_llegada_campus, personalidad_hide, traslado_campus, llamado_policial
0,5,0.9826751911086961,0.32219376609959016;0.2509066167578591,74;111,1;7,28;35,2212,0.8533003554583365,8327,93;7,43,0.25626255640822104;0.8725604598145575,0.7880154229671518,0.4992473843582733
1,1,0.877342371518517,0.2805273077112199;0.2494780035787677,75;108,3;3,5;34,3071,0.6335779783783244,5505,72;28,49,0.11684408423049086;0.162579686960317,0.8828376277185697,0.16322433205985631
2,3,0.4499376667908068,0.9253195215778148;0.9307781051989068,97;154,2;7,23;42,5917,0.4040736158546576,8494,93;7,93,0.349320568623099;0.10751875165839908,0.020335662648552244,0.8754127337650299